"profile","policy","runs","rescued","prizes","late","rescueElapsed","finalElapsed","firstCommandDetection","firstHostileAttempt","firstHostileDamage","hostileAttempts","sentinelReturnedCrew","largestMixedCluster","sustainedConcentration","longestQuietUnladenTravel","lostHulls","abandonedHulls","collisions","blockedCommands","capped"
"reference","direct-maintained","30","30","0","0","9","11","2","2","2-3","2","84-100","0","none","1","0","0","0","0","0"
"reference","north-maintained","30","30","0","0","13","15","6","2","2-3","2-6","31-100","0","none","1","0","0","0","0","0"
"reference","prize-maintained","30","30","30","0","14","21","5","2","2-3","2-7","6-100","0","none","1","0","0","0","0","0"
"reference","direct-pulls","30","30","0","0","10-11","13-14","2","2","2","1","99-100","0","none","1","0","0","0","0","0"
"reference","north-pulls","30","30","0","0","14-15","17-18","6","2","2-3","2-5","49-100","0","none","1","0","0","0","0","0"
"reference","prize-pulls","30","30","30","0","15-16","21","5","2","2-3","2-6","31-100","0","none","1","0","0","0","0","0"
"reference","overcharged-maintained","30","30","0","0","9","11","2","2","2-3","2","84-100","0","none","1","0","0","0","0","0"
"reference","early-withdraw","30","0","0","0","none","3","none","2","2-3","2","none","0","none","0","0","30","0","0","0"
"slow","direct-maintained","30","30","0","0","10","13","3","2","2-3","2-3","73-100","0","none","1","0","0","0","0","0"
"slow","north-maintained","30","30","0","0","14-15","17-18","7-9","2","2-3","2-8","6-100","0","none","1-2","0","0","0","0","0"
"slow","prize-maintained","30","29","0","0","15","22","5","2","2-3","2-8","4-100","0","none","1","1","30","0","0","0"
"slow","direct-pulls","30","30","0","0","12","16","3","2","2-3","2","84-100","0","none","1","0","0","0","0","0"
"slow","north-pulls","30","30","0","17","16-17","20-21","7-9","2","2-3","2-7","6-100","0","none","1-2","0","0","0","0","0"
"slow","prize-pulls","30","30","0","27","16-17","22","5","2","2-3","2-7","6-100","0","none","1","0","30","0","0","0"
"slow","overcharged-maintained","30","30","0","0","9","12","2","2","2-3","2","84-100","0","none","1","0","0","0","0","0"
"slow","early-withdraw","30","0","0","0","none","4","none","2","2-3","2-3","none","0","none","0","0","30","0","0","0"
"fast","direct-maintained","30","30","0","0","9","11","2","2","2-3","2","84-100","0","none","1","0","0","0","0","0"
"fast","north-maintained","30","30","0","0","11-12","13-14","4-5","2","2-3","2-5","49-100","0","none","1","0","0","0","0","0"
"fast","prize-maintained","30","30","30","0","12","14","3","2","2-3","2-5","49-100","0","none","1","0","0","0","0","0"
"fast","direct-pulls","30","30","0","0","10-11","13-14","2","2","2","1","99-100","0","none","1","0","0","0","0","0"
"fast","north-pulls","30","30","0","0","12-13","15-16","4-5","2","2-3","2-4","59-100","0","none","1","0","0","0","0","0"
"fast","prize-pulls","30","30","30","0","13-14","16-17","3","2","2-3","2-4","59-100","0","none","1","0","0","0","0","0"
"fast","overcharged-maintained","30","30","0","0","9","11","2","2","2-3","2","84-100","0","none","1","0","0","0","0","0"
"fast","early-withdraw","30","0","0","0","none","3","none","2","2-3","2","none","0","none","0","0","30","0","0","0"
"legacy-speed","direct-maintained","30","30","0","0","9","11","2","2","2-3","2","84-100","0","none","1","0","0","0","0","0"
"legacy-speed","north-maintained","30","30","0","0","10","12","3","2","2-3","2-3","73-100","0","none","1","0","0","0","0","0"
"legacy-speed","prize-maintained","30","30","30","0","11","13","2","2","2-3","2-4","62-100","0","none","1","0","0","0","0","0"
"legacy-speed","direct-pulls","30","30","0","0","10-11","13-14","2","2","2","1","99-100","0","none","1","0","0","0","0","0"
"legacy-speed","north-pulls","30","30","0","0","11-12","14-15","3","2","2-3","2","84-100","0","none","1","0","0","0","0","0"
"legacy-speed","prize-pulls","30","30","30","0","12-13","15-16","2","2","2-3","2-3","73-100","0","none","1","0","0","0","0","0"
"legacy-speed","overcharged-maintained","30","30","0","0","9","11","2","2","2-3","2","84-100","0","none","1","0","0","0","0","0"
"legacy-speed","early-withdraw","30","0","0","0","none","3","none","2","2-3","2","none","0","none","0","0","30","0","0","0"
"wide-fixed","direct-maintained","30","30","0","0","9","11","2","2","2-3","2","84-100","0","none","1","0","0","0","0","0"
"wide-fixed","north-maintained","30","30","0","0","13","15","6","2","2-3","2-6","31-100","0","none","1","0","0","0","0","0"
"wide-fixed","prize-maintained","30","30","30","0","14","21","5","2","2-3","2-7","6-100","0","none","1","0","0","0","0","0"
"wide-fixed","direct-pulls","30","30","0","0","10-11","13-14","2","2","2","1","99-100","0","none","1","0","0","0","0","0"
"wide-fixed","north-pulls","30","30","0","0","14-15","17-18","6","2","2-3","2-5","49-100","0","none","1","0","0","0","0","0"
"wide-fixed","prize-pulls","30","30","30","0","15-16","21","5","2","2-3","2-6","31-100","0","none","1","0","0","0","0","0"
"wide-fixed","overcharged-maintained","30","30","0","0","9","11","2","2","2-3","2","84-100","0","none","1","0","0","0","0","0"
"wide-fixed","early-withdraw","30","0","0","0","none","3","none","2","2-3","2","none","0","none","0","0","30","0","0","0"
"stationary-patrol","direct-maintained","30","30","0","0","9","11","none","none","none","0","100","0","none","2","0","0","0","0","0"
"stationary-patrol","north-maintained","30","30","0","0","13","15","none","none","none","0","100","0","none","3","0","0","0","0","0"
"stationary-patrol","prize-maintained","30","30","30","0","14","21","none","none","none","0","100","0","none","3","0","0","0","0","0"
"stationary-patrol","direct-pulls","30","30","0","0","10-11","13-14","none","none","none","0","100","0","none","2","0","0","0","0","0"
"stationary-patrol","north-pulls","30","30","0","0","14-15","17-18","9","none","none","0","100","0","none","3","0","0","0","0","0"
"stationary-patrol","prize-pulls","30","30","30","0","15-16","21","9","none","none","0","100","0","none","3","0","0","0","0","0"
"stationary-patrol","overcharged-maintained","30","30","0","0","9","11","none","none","none","0","100","0","none","2","0","0","0","0","0"
"stationary-patrol","early-withdraw","30","0","0","0","none","3","none","none","none","0","none","0","none","0","0","30","0","0","0"
